<?xml version="1.0" encoding="UTF-8"?>
<suppressions xmlns="https://jeremylong.github.io/DependencyCheck/dependency-suppression.1.3.xsd">
   <suppress>
      <notes><![CDATA[
      file name: spring-tx-6.1.1.jar
      ]]></notes>
      <packageUrl regex="true">^pkg:maven/org\.springframework/spring\-tx@.*$</packageUrl>
      <cpe>cpe:/a:pivotal_software:spring_framework</cpe>
   </suppress>
   
   <suppress>
      <notes><![CDATA[
      file name: spring-tx-6.1.1.jar
      ]]></notes>
      <packageUrl regex="true">^pkg:maven/org\.springframework/spring\-tx@.*$</packageUrl>
      <cpe>cpe:/a:springsource:spring_framework</cpe>
   </suppress>

   <suppress>
      <notes><![CDATA[
      file name: spring-tx-6.1.1.jar
      ]]></notes>
      <packageUrl regex="true">^pkg:maven/org\.springframework/spring\-tx@.*$</packageUrl>
      <cpe>cpe:/a:vmware:spring_framework</cpe>
   </suppress>

   <suppress>
      <notes><![CDATA[
      file name: spring-tx-6.1.1.jar
      ]]></notes>
      <packageUrl regex="true">^pkg:maven/org\.springframework/spring\-tx@.*$</packageUrl>
      <cve>CVE-2024-38820</cve>
   </suppress>

   <suppress>
      <notes><![CDATA[
      file name: spring-hateoas-2.2.0.jar
      ]]></notes>
      <packageUrl regex="true">^pkg:maven/org\.springframework\.hateoas/spring\-hateoas@.*$</packageUrl>
      <cpe>cpe:/a:vmware:spring_framework</cpe>
   </suppress>

   <suppress>
      <notes><![CDATA[
      file name: spring-hateoas-2.2.0.jar
      ]]></notes>
      <packageUrl regex="true">^pkg:maven/org\.springframework\.hateoas/spring\-hateoas@.*$</packageUrl>
      <cpe>cpe:/a:vmware:spring_hateoas</cpe>
   </suppress>

   <suppress>
      <notes><![CDATA[
      file name: spring-hateoas-2.2.0.jar
      ]]></notes>
      <packageUrl regex="true">^pkg:maven/org\.springframework\.hateoas/spring\-hateoas@.*$</packageUrl>
      <cve>CVE-2014-0054</cve>
   </suppress>

   <suppress>
      <notes><![CDATA[
      file name: spring-hateoas-2.2.0.jar
      ]]></notes>
      <packageUrl regex="true">^pkg:maven/org\.springframework\.hateoas/spring\-hateoas@.*$</packageUrl>
      <cve>CVE-2016-1000027</cve>
   </suppress>

   <suppress>
      <notes><![CDATA[
      file name: spring-hateoas-2.2.0.jar
      ]]></notes>
      <packageUrl regex="true">^pkg:maven/org\.springframework\.hateoas/spring\-hateoas@.*$</packageUrl>
      <cve>CVE-2018-11039</cve>
   </suppress>

   <suppress>
      <notes><![CDATA[
      file name: spring-hateoas-2.2.0.jar
      ]]></notes>
      <packageUrl regex="true">^pkg:maven/org\.springframework\.hateoas/spring\-hateoas@.*$</packageUrl>
      <cve>CVE-2018-11040</cve>
   </suppress>

   <suppress>
      <notes><![CDATA[
      file name: spring-hateoas-2.2.0.jar
      ]]></notes>
      <packageUrl regex="true">^pkg:maven/org\.springframework\.hateoas/spring\-hateoas@.*$</packageUrl>
      <cve>CVE-2018-1257</cve>
   </suppress>

   <suppress>
      <notes><![CDATA[
      file name: spring-hateoas-2.2.0.jar
      ]]></notes>
      <packageUrl regex="true">^pkg:maven/org\.springframework\.hateoas/spring\-hateoas@.*$</packageUrl>
      <cve>CVE-2020-5421</cve>
   </suppress>

   <suppress>
      <notes><![CDATA[
      file name: spring-hateoas-2.2.0.jar
      ]]></notes>
      <packageUrl regex="true">^pkg:maven/org\.springframework\.hateoas/spring\-hateoas@.*$</packageUrl>
      <cve>CVE-2022-22950</cve>
   </suppress>

   <suppress>
      <notes><![CDATA[
      file name: spring-hateoas-2.2.0.jar
      ]]></notes>
      <packageUrl regex="true">^pkg:maven/org\.springframework\.hateoas/spring\-hateoas@.*$</packageUrl>
      <cve>CVE-2022-22965</cve>
   </suppress>

   <suppress>
      <notes><![CDATA[
      file name: spring-hateoas-2.2.0.jar
      ]]></notes>
      <packageUrl regex="true">^pkg:maven/org\.springframework\.hateoas/spring\-hateoas@.*$</packageUrl>
      <cve>CVE-2022-22968</cve>
   </suppress>

   <suppress>
      <notes><![CDATA[
      file name: spring-hateoas-2.2.0.jar
      ]]></notes>
      <packageUrl regex="true">^pkg:maven/org\.springframework\.hateoas/spring\-hateoas@.*$</packageUrl>
      <cve>CVE-2022-22970</cve>
   </suppress>

   <suppress>
      <notes><![CDATA[
      file name: spring-hateoas-2.2.0.jar
      ]]></notes>
      <packageUrl regex="true">^pkg:maven/org\.springframework\.hateoas/spring\-hateoas@.*$</packageUrl>
      <cve>CVE-2023-20861</cve>
   </suppress>

   <suppress>
      <notes><![CDATA[
      file name: jackson-databind-2.15.3.jar
      ]]></notes>
      <packageUrl regex="true">^pkg:maven/com\.fasterxml\.jackson\.core/jackson\-databind@.*$</packageUrl>
      <cpe>cpe:/a:fasterxml:jackson-databind</cpe>
   </suppress>

   <suppress>
      <notes><![CDATA[
      file name: logback-classic-1.4.11.jar
      ]]></notes>
      <packageUrl regex="true">^pkg:maven/ch\.qos\.logback/logback\-classic@.*$</packageUrl>
      <cpe>cpe:/a:qos:logback</cpe>
   </suppress>

   <suppress>
      <notes><![CDATA[
      file name: logback-classic-1.4.11.jar
      ]]></notes>
      <packageUrl regex="true">^pkg:maven/ch\.qos\.logback/logback\-classic@.*$</packageUrl>
      <cve>CVE-2023-6378</cve>
   </suppress>

   <suppress>
      <notes><![CDATA[
      file name: logback-core-1.4.11.jar
      ]]></notes>
      <packageUrl regex="true">^pkg:maven/ch\.qos\.logback/logback\-core@.*$</packageUrl>
      <cpe>cpe:/a:qos:logback</cpe>
   </suppress>

   <suppress>
      <notes><![CDATA[
      file name: logback-core-1.4.11.jar
      ]]></notes>
      <packageUrl regex="true">^pkg:maven/ch\.qos\.logback/logback\-core@.*$</packageUrl>
      <cve>CVE-2023-6378</cve>
   </suppress>

   <suppress>
      <notes><![CDATA[
      file name: logback-core-1.4.11.jar
      ]]></notes>
      <packageUrl regex="true">^pkg:maven/ch\.qos\.logback/logback\-core@.*$</packageUrl>
      <vulnerabilityName>CVE-2024-12798</vulnerabilityName>
   </suppress>

   <suppress>
      <notes><![CDATA[
      file name: logback-core-1.4.11.jar
      ]]></notes>
      <packageUrl regex="true">^pkg:maven/ch\.qos\.logback/logback\-core@.*$</packageUrl>
      <vulnerabilityName>CVE-2024-12801</vulnerabilityName>
   </suppress>

   <suppress>
      <notes><![CDATA[
      file name: snakeyaml-2.2.jar
      ]]></notes>
      <packageUrl regex="true">^pkg:maven/org\.yaml/snakeyaml@.*$</packageUrl>
      <cpe>cpe:/a:snakeyaml_project:snakeyaml</cpe>
   </suppress>

   <suppress>
      <notes><![CDATA[
      file name: snakeyaml-2.2.jar
      ]]></notes>
      <packageUrl regex="true">^pkg:maven/org\.yaml/snakeyaml@.*$</packageUrl>
      <cpe>cpe:/a:yaml_project:yaml</cpe>
   </suppress>

   <suppress>
      <notes><![CDATA[
      file name: snakeyaml-2.2.jar
      ]]></notes>
      <packageUrl regex="true">^pkg:maven/org\.yaml/snakeyaml@.*$</packageUrl>
      <cve>CVE-2021-4235</cve>
   </suppress>

   <suppress>
      <notes><![CDATA[
      file name: snakeyaml-2.2.jar
      ]]></notes>
      <packageUrl regex="true">^pkg:maven/org\.yaml/snakeyaml@.*$</packageUrl>
      <cve>CVE-2022-3064</cve>
   </suppress>

   <suppress>
      <notes><![CDATA[
      file name: snakeyaml-2.2.jar
      ]]></notes>
      <packageUrl regex="true">^pkg:maven/org\.yaml/snakeyaml@.*$</packageUrl>
      <cve>CVE-2023-2251</cve>
   </suppress>

   <suppress>
      <notes><![CDATA[
      file name: tomcat-embed-core-10.1.16.jar
      ]]></notes>
      <packageUrl regex="true">^pkg:maven/org\.apache\.tomcat\.embed/tomcat\-embed\-core@.*$</packageUrl>
      <cpe>cpe:/a:apache:tomcat</cpe>
   </suppress>

   <suppress>
      <notes><![CDATA[
      file name: tomcat-embed-core-10.1.16.jar
      ]]></notes>
      <packageUrl regex="true">^pkg:maven/org\.apache\.tomcat\.embed/tomcat\-embed\-core@.*$</packageUrl>
      <cve>CVE-2024-38286</cve>
   </suppress>

   <suppress>
      <notes><![CDATA[
      file name: tomcat-embed-core-10.1.16.jar
      ]]></notes>
      <packageUrl regex="true">^pkg:maven/org\.apache\.tomcat\.embed/tomcat\-embed\-core@.*$</packageUrl>
      <cve>CVE-2025-24813</cve>
   </suppress>

   <suppress>
      <notes><![CDATA[
      file name: spring-web-6.1.1.jar
      ]]></notes>
      <packageUrl regex="true">^pkg:maven/org\.springframework/spring\-web@.*$</packageUrl>
      <cpe>cpe:/a:pivotal_software:spring_framework</cpe>
   </suppress>

   <suppress>
      <notes><![CDATA[
      file name: spring-web-6.1.1.jar
      ]]></notes>
      <packageUrl regex="true">^pkg:maven/org\.springframework/spring\-web@.*$</packageUrl>
      <cpe>cpe:/a:springsource:spring_framework</cpe>
   </suppress>

   <suppress>
      <notes><![CDATA[
      file name: spring-web-6.1.1.jar
      ]]></notes>
      <packageUrl regex="true">^pkg:maven/org\.springframework/spring\-web@.*$</packageUrl>
      <cpe>cpe:/a:vmware:spring_framework</cpe>
   </suppress>

   <suppress>
      <notes><![CDATA[
      file name: spring-web-6.1.1.jar
      ]]></notes>
      <packageUrl regex="true">^pkg:maven/org\.springframework/spring\-web@.*$</packageUrl>
      <vulnerabilityName>CVE-2024-22243</vulnerabilityName>
   </suppress>

   <suppress>
      <notes><![CDATA[
      file name: spring-web-6.1.1.jar
      ]]></notes>
      <packageUrl regex="true">^pkg:maven/org\.springframework/spring\-web@.*$</packageUrl>
      <vulnerabilityName>CVE-2024-22262</vulnerabilityName>
   </suppress>

   <suppress>
      <notes><![CDATA[
      file name: spring-web-6.1.1.jar
      ]]></notes>
      <packageUrl regex="true">^pkg:maven/org\.springframework/spring\-web@.*$</packageUrl>
      <vulnerabilityName>CVE-2024-38809</vulnerabilityName>
   </suppress>

   <suppress>
      <notes><![CDATA[
      file name: spring-web-6.1.1.jar
      ]]></notes>
      <packageUrl regex="true">^pkg:maven/org\.springframework/spring\-web@.*$</packageUrl>
      <cve>CVE-2024-38820</cve>
   </suppress>

   <suppress>
      <notes><![CDATA[
      file name: spring-webmvc-6.1.1.jar
      ]]></notes>
      <packageUrl regex="true">^pkg:maven/org\.springframework/spring\-webmvc@.*$</packageUrl>
      <cpe>cpe:/a:pivotal_software:spring_framework</cpe>
   </suppress>

   <suppress>
      <notes><![CDATA[
      file name: spring-webmvc-6.1.1.jar
      ]]></notes>
      <packageUrl regex="true">^pkg:maven/org\.springframework/spring\-webmvc@.*$</packageUrl>
      <cpe>cpe:/a:springsource:spring_framework</cpe>
   </suppress>

   <suppress>
      <notes><![CDATA[
      file name: spring-webmvc-6.1.1.jar
      ]]></notes>
      <packageUrl regex="true">^pkg:maven/org\.springframework/spring\-webmvc@.*$</packageUrl>
      <cpe>cpe:/a:vmware:spring_framework</cpe>
   </suppress>

   <suppress>
      <notes><![CDATA[
      file name: spring-webmvc-6.1.1.jar
      ]]></notes>
      <packageUrl regex="true">^pkg:maven/org\.springframework/spring\-webmvc@.*$</packageUrl>
      <vulnerabilityName>CVE-2024-38816</vulnerabilityName>
   </suppress>

   <suppress>
      <notes><![CDATA[
      file name: spring-webmvc-6.1.1.jar
      ]]></notes>
      <packageUrl regex="true">^pkg:maven/org\.springframework/spring\-webmvc@.*$</packageUrl>
      <cve>CVE-2024-38820</cve>
   </suppress>

   <suppress>
      <notes><![CDATA[
      file name: json-path-2.8.0.jar
      ]]></notes>
      <packageUrl regex="true">^pkg:maven/com\.jayway\.jsonpath/json\-path@.*$</packageUrl>
      <cpe>cpe:/a:json-path:jayway_jsonpath</cpe>
   </suppress>

   <suppress>
      <notes><![CDATA[
      file name: json-path-2.8.0.jar
      ]]></notes>
      <packageUrl regex="true">^pkg:maven/com\.jayway\.jsonpath/json\-path@.*$</packageUrl>
      <cve>CVE-2023-51074</cve>
   </suppress>

   <suppress>
      <notes><![CDATA[
      file name: json-smart-2.5.0.jar
      ]]></notes>
      <packageUrl regex="true">^pkg:maven/net\.minidev/json\-smart@.*$</packageUrl>
      <cpe>cpe:/a:json-smart_project:json-smart</cpe>
   </suppress>

   <suppress>
      <notes><![CDATA[
      file name: json-smart-2.5.0.jar
      ]]></notes>
      <packageUrl regex="true">^pkg:maven/net\.minidev/json\-smart@.*$</packageUrl>
      <vulnerabilityName>CVE-2024-57699</vulnerabilityName>
   </suppress>

   <suppress>
      <notes><![CDATA[
      file name: spring-core-6.1.1.jar
      ]]></notes>
      <packageUrl regex="true">^pkg:maven/org\.springframework/spring\-core@.*$</packageUrl>
      <cpe>cpe:/a:pivotal_software:spring_framework</cpe>
   </suppress>

   <suppress>
      <notes><![CDATA[
      file name: spring-core-6.1.1.jar
      ]]></notes>
      <packageUrl regex="true">^pkg:maven/org\.springframework/spring\-core@.*$</packageUrl>
      <cpe>cpe:/a:springsource:spring_framework</cpe>
   </suppress>

   <suppress>
      <notes><![CDATA[
      file name: spring-core-6.1.1.jar
      ]]></notes>
      <packageUrl regex="true">^pkg:maven/org\.springframework/spring\-core@.*$</packageUrl>
      <cpe>cpe:/a:vmware:spring_framework</cpe>
   </suppress>

   <suppress>
      <notes><![CDATA[
      file name: spring-core-6.1.1.jar
      ]]></notes>
      <packageUrl regex="true">^pkg:maven/org\.springframework/spring\-core@.*$</packageUrl>
      <vulnerabilityName>CVE-2024-22233</vulnerabilityName>
   </suppress>

   <suppress>
      <notes><![CDATA[
      file name: spring-core-6.1.1.jar
      ]]></notes>
      <packageUrl regex="true">^pkg:maven/org\.springframework/spring\-core@.*$</packageUrl>
      <cve>CVE-2024-38820</cve>
   </suppress>

   <suppress>
      <notes><![CDATA[
      file name: logback-classic-1.4.14.jar
      ]]></notes>
      <packageUrl regex="true">^pkg:maven/ch\.qos\.logback/logback\-classic@.*$</packageUrl>
      <cpe>cpe:/a:qos:slf4j</cpe>
   </suppress>

   <suppress>
      <notes><![CDATA[
      file name: logback-classic-1.4.14.jar
      ]]></notes>
      <packageUrl regex="true">^pkg:maven/ch\.qos\.logback/logback\-classic@.*$</packageUrl>
      <cpe>cpe:/a:service_project:service</cpe>
   </suppress>

   <suppress>
      <notes><![CDATA[
      file name: logback-classic-1.4.14.jar
      ]]></notes>
      <packageUrl regex="true">^pkg:maven/ch\.qos\.logback/logback\-classic@.*$</packageUrl>
      <cve>CVE-2018-8088</cve>
   </suppress>

   <suppress>
      <notes><![CDATA[
      file name: tomcat-embed-websocket-10.1.19.jar
      ]]></notes>
      <packageUrl regex="true">^pkg:maven/org\.apache\.tomcat\.embed/tomcat\-embed\-websocket@.*$</packageUrl>
      <cpe>cpe:/a:apache:tomcat</cpe>
   </suppress>

   <suppress>
      <notes><![CDATA[
      file name: tomcat-embed-websocket-10.1.19.jar
      ]]></notes>
      <packageUrl regex="true">^pkg:maven/org\.apache\.tomcat\.embed/tomcat\-embed\-websocket@.*$</packageUrl>
      <cve>CVE-2024-38286</cve>
   </suppress>

   <suppress>
      <notes><![CDATA[
      file name: tomcat-embed-websocket-10.1.19.jar
      ]]></notes>
      <packageUrl regex="true">^pkg:maven/org\.apache\.tomcat\.embed/tomcat\-embed\-websocket@.*$</packageUrl>
      <cve>CVE-2025-24813</cve>
   </suppress>

   <suppress>
      <notes><![CDATA[
      file name: spring-aop-6.1.5.jar
      ]]></notes>
      <packageUrl regex="true">^pkg:maven/org\.springframework/spring\-aop@.*$</packageUrl>
      <cpe>cpe:/a:pivotal_software:spring_framework</cpe>
   </suppress>

   <suppress>
      <notes><![CDATA[
      file name: spring-aop-6.1.5.jar
      ]]></notes>
      <packageUrl regex="true">^pkg:maven/org\.springframework/spring\-aop@.*$</packageUrl>
      <cpe>cpe:/a:springsource:spring_framework</cpe>
   </suppress>

   <suppress>
      <notes><![CDATA[
      file name: spring-aop-6.1.5.jar
      ]]></notes>
      <packageUrl regex="true">^pkg:maven/org\.springframework/spring\-aop@.*$</packageUrl>
      <cpe>cpe:/a:vmware:spring_framework</cpe>
   </suppress>

   <suppress>
      <notes><![CDATA[
      file name: spring-aop-6.1.5.jar
      ]]></notes>
      <packageUrl regex="true">^pkg:maven/org\.springframework/spring\-aop@.*$</packageUrl>
      <cve>CVE-2024-38820</cve>
   </suppress>

   <suppress>
      <notes><![CDATA[
      file name: json-path-2.9.0.jar
      ]]></notes>
      <packageUrl regex="true">^pkg:maven/com\.jayway\.jsonpath/json\-path@.*$</packageUrl>
      <cpe>cpe:/a:json-java_project:json-java</cpe>
   </suppress>

   <suppress>
      <notes><![CDATA[
      file name: json-path-2.9.0.jar
      ]]></notes>
      <packageUrl regex="true">^pkg:maven/com\.jayway\.jsonpath/json\-path@.*$</packageUrl>
      <cve>CVE-2022-45688</cve>
   </suppress>

   <suppress>
      <notes><![CDATA[
      file name: json-path-2.9.0.jar
      ]]></notes>
      <packageUrl regex="true">^pkg:maven/com\.jayway\.jsonpath/json\-path@.*$</packageUrl>
      <cve>CVE-2023-5072</cve>
   </suppress>

   <suppress>
      <notes><![CDATA[
      file name: json-smart-2.5.0.jar
      ]]></notes>
      <packageUrl regex="true">^pkg:maven/net\.minidev/json\-smart@.*$</packageUrl>
      <cpe>cpe:/a:json-java_project:json-java</cpe>
   </suppress>

   <suppress>
      <notes><![CDATA[
      file name: json-smart-2.5.0.jar
      ]]></notes>
      <packageUrl regex="true">^pkg:maven/net\.minidev/json\-smart@.*$</packageUrl>
      <cve>CVE-2022-45688</cve>
   </suppress>

   <suppress>
      <notes><![CDATA[
      file name: json-smart-2.5.0.jar
      ]]></notes>
      <packageUrl regex="true">^pkg:maven/net\.minidev/json\-smart@.*$</packageUrl>
      <cve>CVE-2023-5072</cve>
   </suppress>

   <suppress>
      <notes><![CDATA[
      file name: spring-jcl-6.1.5.jar
      ]]></notes>
      <packageUrl regex="true">^pkg:maven/org\.springframework/spring\-jcl@.*$</packageUrl>
      <cpe>cpe:/a:pivotal_software:spring_framework</cpe>
   </suppress>

   <suppress>
      <notes><![CDATA[
      file name: spring-jcl-6.1.5.jar
      ]]></notes>
      <packageUrl regex="true">^pkg:maven/org\.springframework/spring\-jcl@.*$</packageUrl>
      <cpe>cpe:/a:springsource:spring_framework</cpe>
   </suppress>

   <suppress>
      <notes><![CDATA[
      file name: spring-jcl-6.1.5.jar
      ]]></notes>
      <packageUrl regex="true">^pkg:maven/org\.springframework/spring\-jcl@.*$</packageUrl>
      <cpe>cpe:/a:vmware:spring_framework</cpe>
   </suppress>

   <suppress>
      <notes><![CDATA[
      file name: spring-jcl-6.1.5.jar
      ]]></notes>
      <packageUrl regex="true">^pkg:maven/org\.springframework/spring\-jcl@.*$</packageUrl>
      <cve>CVE-2024-38820</cve>
   </suppress>

   <suppress>
      <notes><![CDATA[
      file name: spring-beans-6.1.5.jar
      ]]></notes>
      <packageUrl regex="true">^pkg:maven/org\.springframework/spring\-beans@.*$</packageUrl>
      <cpe>cpe:/a:pivotal_software:spring_framework</cpe>
   </suppress>

   <suppress>
      <notes><![CDATA[
      file name: spring-beans-6.1.5.jar
      ]]></notes>
      <packageUrl regex="true">^pkg:maven/org\.springframework/spring\-beans@.*$</packageUrl>
      <cpe>cpe:/a:springsource:spring_framework</cpe>
   </suppress>

   <suppress>
      <notes><![CDATA[
      file name: spring-beans-6.1.5.jar
      ]]></notes>
      <packageUrl regex="true">^pkg:maven/org\.springframework/spring\-beans@.*$</packageUrl>
      <cpe>cpe:/a:vmware:spring_framework</cpe>
   </suppress>

   <suppress>
      <notes><![CDATA[
      file name: spring-beans-6.1.5.jar
      ]]></notes>
      <packageUrl regex="true">^pkg:maven/org\.springframework/spring\-beans@.*$</packageUrl>
      <cve>CVE-2024-38820</cve>
   </suppress>

   <suppress>
      <notes><![CDATA[
      file name: spring-context-6.1.5.jar
      ]]></notes>
      <packageUrl regex="true">^pkg:maven/org\.springframework/spring\-context@.*$</packageUrl>
      <cpe>cpe:/a:pivotal_software:spring_framework</cpe>
   </suppress>

   <suppress>
      <notes><![CDATA[
      file name: spring-context-6.1.5.jar
      ]]></notes>
      <packageUrl regex="true">^pkg:maven/org\.springframework/spring\-context@.*$</packageUrl>
      <cpe>cpe:/a:springsource:spring_framework</cpe>
   </suppress>

   <suppress>
      <notes><![CDATA[
      file name: spring-context-6.1.5.jar
      ]]></notes>
      <packageUrl regex="true">^pkg:maven/org\.springframework/spring\-context@.*$</packageUrl>
      <cpe>cpe:/a:vmware:spring_framework</cpe>
   </suppress>

   <suppress>
      <notes><![CDATA[
      file name: spring-context-6.1.5.jar
      ]]></notes>
      <packageUrl regex="true">^pkg:maven/org\.springframework/spring\-context@.*$</packageUrl>
      <cve>CVE-2024-38820</cve>
   </suppress>

   <suppress>
      <notes><![CDATA[
      file name: spring-expression-6.1.5.jar
      ]]></notes>
      <packageUrl regex="true">^pkg:maven/org\.springframework/spring\-expression@.*$</packageUrl>
      <cpe>cpe:/a:pivotal_software:spring_framework</cpe>
   </suppress>

   <suppress>
      <notes><![CDATA[
      file name: spring-expression-6.1.5.jar
      ]]></notes>
      <packageUrl regex="true">^pkg:maven/org\.springframework/spring\-expression@.*$</packageUrl>
      <cpe>cpe:/a:springsource:spring_framework</cpe>
   </suppress>

   <suppress>
      <notes><![CDATA[
      file name: spring-expression-6.1.5.jar
      ]]></notes>
      <packageUrl regex="true">^pkg:maven/org\.springframework/spring\-expression@.*$</packageUrl>
      <cpe>cpe:/a:vmware:spring_framework</cpe>
   </suppress>

   <suppress>
      <notes><![CDATA[
      file name: spring-expression-6.1.5.jar
      ]]></notes>
      <packageUrl regex="true">^pkg:maven/org\.springframework/spring\-expression@.*$</packageUrl>
      <cve>CVE-2024-38820</cve>
   </suppress>
</suppressions>

